url,recipe_name,ingredient_raw,ingredient_key,quantity,unit
https://www.seriouseats.com/crepes-suzette-recipe-11876712,Crepes Suzette,1/4 cup plus 1 tablespoon granulated sugar (about 2 1/4 ounces; 65g),plus 1 tablespoon granulated sugar (about 2 1/4 ounces; 65g),0.25,cup
https://www.seriouseats.com/crepes-suzette-recipe-11876712,Crepes Suzette,1 tablespoon finely grated orange zest from 2 medium navel oranges,finely grated orange zest from 2 medium navel oranges,1.0,tbsp
https://www.seriouseats.com/crepes-suzette-recipe-11876712,Crepes Suzette,2 large eggs,large eggs,2.0,
https://www.seriouseats.com/crepes-suzette-recipe-11876712,Crepes Suzette,1 1/4 cups (300ml) whole milk,(300ml) whole milk,1.25,cup
https://www.seriouseats.com/crepes-suzette-recipe-11876712,Crepes Suzette,"1 tablespoon unsalted butter (about 1/2 ounce; 14g), melted and cooled slightly","unsalted butter (about 1/2 ounce; 14g), melted and cooled slightly",1.0,tbsp
https://www.seriouseats.com/crepes-suzette-recipe-11876712,Crepes Suzette,1 teaspoon vanilla extract,vanilla extract,1.0,tsp
https://www.seriouseats.com/crepes-suzette-recipe-11876712,Crepes Suzette,"1 tablespoon orange sugar, see above","orange sugar, see above",1.0,tbsp
https://www.seriouseats.com/crepes-suzette-recipe-11876712,Crepes Suzette,"1/4 teaspoon Diamond Crystal kosher salt; for table salt, use half as much by volume","diamond crystal kosher salt; for table salt, use half as much by volume",0.25,tsp
https://www.seriouseats.com/crepes-suzette-recipe-11876712,Crepes Suzette,1 cup all-purpose flour (4 1/2 ounces; 128g),all-purpose flour (4 1/2 ounces; 128g),1.0,cup
https://www.seriouseats.com/crepes-suzette-recipe-11876712,Crepes Suzette,8 tablespoons unsalted butter (4 ounces; 113g),unsalted butter (4 ounces; 113g),8.0,tbsp
https://www.seriouseats.com/crepes-suzette-recipe-11876712,Crepes Suzette,"1/4 cup orange sugar, see above","orange sugar, see above",0.25,cup
https://www.seriouseats.com/crepes-suzette-recipe-11876712,Crepes Suzette,"1/4 teaspoon Diamond Crystal kosher salt; for table salt, use half as much by volume","diamond crystal kosher salt; for table salt, use half as much by volume",0.25,tsp
https://www.seriouseats.com/crepes-suzette-recipe-11876712,Crepes Suzette,2/3 cup (160ml) orange juice from 2 medium oranges,(160ml) orange juice from 2 medium oranges,0.6666666666666666,cup
https://www.seriouseats.com/crepes-suzette-recipe-11876712,Crepes Suzette,"3 tablespoons (45ml) orange liqueur, such as Cointreau or Grand Marnier","(45ml) orange liqueur, such as cointreau or grand marnier",3.0,tbsp
https://www.seriouseats.com/cream-cheese-and-pepper-jelly-tart-recipe-11875230,Cream Cheese and Pepper Jelly Tart,"1 (8.6 ounce; 245 g) sheet puff pastry from 1 (17.3 ounce) package, thawed","(8.6 ounce; 245 g) sheet puff pastry from 1 (17.3 ounce) package, thawed",1.0,
https://www.seriouseats.com/cream-cheese-and-pepper-jelly-tart-recipe-11875230,Cream Cheese and Pepper Jelly Tart,"All-purpose flour, for dusting","all-purpose flour, for dusting",0.0,
https://www.seriouseats.com/cream-cheese-and-pepper-jelly-tart-recipe-11875230,Cream Cheese and Pepper Jelly Tart,"1 large egg beaten lightly with 1 teaspoon water, for egg wash","large egg beaten lightly with 1 teaspoon water, for egg wash",1.0,
https://www.seriouseats.com/cream-cheese-and-pepper-jelly-tart-recipe-11875230,Cream Cheese and Pepper Jelly Tart,Kosher salt and freshly ground black pepper,kosher salt and freshly ground black pepper,0.0,
https://www.seriouseats.com/cream-cheese-and-pepper-jelly-tart-recipe-11875230,Cream Cheese and Pepper Jelly Tart,"12 ounces (340 g) full-fat Philadelphia cream cheese, softened","(340 g) full-fat philadelphia cream cheese, softened",12.0,ounces
https://www.seriouseats.com/cream-cheese-and-pepper-jelly-tart-recipe-11875230,Cream Cheese and Pepper Jelly Tart,1/2 cup pepper jelly (5 1/2 ounces; 155 g),pepper jelly (5 1/2 ounces; 155 g),0.5,cup
https://www.seriouseats.com/cream-cheese-and-pepper-jelly-tart-recipe-11875230,Cream Cheese and Pepper Jelly Tart,"Thinly sliced scallions, for garnish (optional)","thinly sliced scallions, for garnish (optional)",0.0,
https://www.seriouseats.com/cream-cheese-and-pepper-jelly-tart-recipe-11875230,Cream Cheese and Pepper Jelly Tart,"Toasted white sesame seeds, for garnish (optional)","toasted white sesame seeds, for garnish (optional)",0.0,
https://www.seriouseats.com/black-eyed-pea-stew-recipe-11874544,Easy One-Pot Black-Eyed Pea Stew With Swiss Chard and Dill,"1/4 cup (60 ml) extra-virgin olive oil, plus more for drizzling","(60 ml) extra-virgin olive oil, plus more for drizzling",0.25,cup
https://www.seriouseats.com/black-eyed-pea-stew-recipe-11874544,Easy One-Pot Black-Eyed Pea Stew With Swiss Chard and Dill,"1 medium red onion (8 ounces; 227 g), finely chopped","medium red onion (8 ounces; 227 g), finely chopped",1.0,
https://www.seriouseats.com/black-eyed-pea-stew-recipe-11874544,Easy One-Pot Black-Eyed Pea Stew With Swiss Chard and Dill,1 cup finely chopped fennel from 1 large bulb (about 5 ounces; 142 g),finely chopped fennel from 1 large bulb (about 5 ounces; 142 g),1.0,cup
https://www.seriouseats.com/black-eyed-pea-stew-recipe-11874544,Easy One-Pot Black-Eyed Pea Stew With Swiss Chard and Dill,"1 medium carrot (4 ounces; 113g), peeled and finely chopped","medium carrot (4 ounces; 113g), peeled and finely chopped",1.0,
https://www.seriouseats.com/black-eyed-pea-stew-recipe-11874544,Easy One-Pot Black-Eyed Pea Stew With Swiss Chard and Dill,"2 1/2 teaspoons (about 8 g) Diamond Crystal kosher salt, divided; for table salt use half as much by volume or the same weight","(about 8 g) diamond crystal kosher salt, divided; for table salt use half as much by volume or the same weight",2.5,tsp
https://www.seriouseats.com/black-eyed-pea-stew-recipe-11874544,Easy One-Pot Black-Eyed Pea Stew With Swiss Chard and Dill,"4 medium cloves garlic, minced","medium cloves garlic, minced",4.0,
https://www.seriouseats.com/black-eyed-pea-stew-recipe-11874544,Easy One-Pot Black-Eyed Pea Stew With Swiss Chard and Dill,1/2 teaspoon smoked paprika,smoked paprika,0.5,tsp
https://www.seriouseats.com/black-eyed-pea-stew-recipe-11874544,Easy One-Pot Black-Eyed Pea Stew With Swiss Chard and Dill,1/2 teaspoon ground cumin,ground cumin,0.5,tsp
https://www.seriouseats.com/black-eyed-pea-stew-recipe-11874544,Easy One-Pot Black-Eyed Pea Stew With Swiss Chard and Dill,"1/2 teaspoon freshly ground black pepper, plus more for serving","freshly ground black pepper, plus more for serving",0.5,tsp
https://www.seriouseats.com/black-eyed-pea-stew-recipe-11874544,Easy One-Pot Black-Eyed Pea Stew With Swiss Chard and Dill,"1 (15-ounce; 425 g) can diced tomatoes, drained","(15-ounce; 425 g) can diced tomatoes, drained",1.0,
https://www.seriouseats.com/black-eyed-pea-stew-recipe-11874544,Easy One-Pot Black-Eyed Pea Stew With Swiss Chard and Dill,"2 (15-ounce; 425 g each) cans black-eyed peas, drained and rinsed","(15-ounce; 425 g each) cans black-eyed peas, drained and rinsed",2.0,
https://www.seriouseats.com/black-eyed-pea-stew-recipe-11874544,Easy One-Pot Black-Eyed Pea Stew With Swiss Chard and Dill,3 cups (720 ml) low-sodium vegetable broth,(720 ml) low-sodium vegetable broth,3.0,cup
https://www.seriouseats.com/black-eyed-pea-stew-recipe-11874544,Easy One-Pot Black-Eyed Pea Stew With Swiss Chard and Dill,"1 medium bunch Swiss Chard (10 ounces; 283 g), stemmed and chopped","medium bunch swiss chard (10 ounces; 283 g), stemmed and chopped",1.0,
https://www.seriouseats.com/black-eyed-pea-stew-recipe-11874544,Easy One-Pot Black-Eyed Pea Stew With Swiss Chard and Dill,"2 tablespoons (5 g) chopped fresh dill, plus more for serving","(5 g) chopped fresh dill, plus more for serving",2.0,tbsp
https://www.seriouseats.com/black-eyed-pea-stew-recipe-11874544,Easy One-Pot Black-Eyed Pea Stew With Swiss Chard and Dill,"2 tablespoons (30 ml) fresh lemon juice, from 1 medium lemonc","(30 ml) fresh lemon juice, from 1 medium lemonc",2.0,tbsp
https://www.seriouseats.com/black-eyed-pea-stew-recipe-11874544,Easy One-Pot Black-Eyed Pea Stew With Swiss Chard and Dill,1/4 cup (60 ml) plain whole-milk strained (Greek-style) yogurt,(60 ml) plain whole-milk strained (greek-style) yogurt,0.25,cup
https://www.seriouseats.com/creole-sauce-recipe,Creole Sauce,2 tablespoons olive oil,olive oil,2.0,tbsp
https://www.seriouseats.com/creole-sauce-recipe,Creole Sauce,1 cup diced onions (about 1 medium),diced onions (about 1 medium),1.0,cup
https://www.seriouseats.com/creole-sauce-recipe,Creole Sauce,1/2 cup diced celery (about 2 stalks),diced celery (about 2 stalks),0.5,cup
https://www.seriouseats.com/creole-sauce-recipe,Creole Sauce,1/2 cup diced green bell pepper (about 1 medium),diced green bell pepper (about 1 medium),0.5,cup
https://www.seriouseats.com/creole-sauce-recipe,Creole Sauce,1 tablespoon minced garlic (about 3 medium cloves),minced garlic (about 3 medium cloves),1.0,tbsp
https://www.seriouseats.com/creole-sauce-recipe,Creole Sauce,1 (14 ounce) can diced tomatoes,(14 ounce) can diced tomatoes,1.0,
https://www.seriouseats.com/creole-sauce-recipe,Creole Sauce,2 cups low-sodium store-bought or homemade chicken stock,low-sodium store-bought or homemade chicken stock,2.0,cup
https://www.seriouseats.com/creole-sauce-recipe,Creole Sauce,"1 tablespoon Louisiana-style hot sauce (such as Frank&#39;s or Crystal), plus more to taste","louisiana-style hot sauce (such as frank&#39;s or crystal), plus more to taste",1.0,tbsp
https://www.seriouseats.com/creole-sauce-recipe,Creole Sauce,1 tablespoon Worcestershire sauce,worcestershire sauce,1.0,tbsp
https://www.seriouseats.com/creole-sauce-recipe,Creole Sauce,2 bay leaves,bay leaves,2.0,
https://www.seriouseats.com/creole-sauce-recipe,Creole Sauce,1/4 teaspoon ground white pepper,ground white pepper,0.25,tsp
https://www.seriouseats.com/creole-sauce-recipe,Creole Sauce,1/4 teaspoon cayenne pepper,cayenne pepper,0.25,tsp
https://www.seriouseats.com/creole-sauce-recipe,Creole Sauce,1/2 teaspoon dried thyme leaves,dried thyme leaves,0.5,tsp
https://www.seriouseats.com/creole-sauce-recipe,Creole Sauce,4 tablespoons butter,butter,4.0,tbsp
https://www.seriouseats.com/creole-sauce-recipe,Creole Sauce,2 tablespoons finely chopped fresh parsley leaves,finely chopped fresh parsley leaves,2.0,tbsp
https://www.seriouseats.com/creole-sauce-recipe,Creole Sauce,1/2 cup thinly sliced green onions,thinly sliced green onions,0.5,cup
https://www.seriouseats.com/creole-sauce-recipe,Creole Sauce,Kosher salt and freshly ground black pepper,kosher salt and freshly ground black pepper,0.0,
https://www.seriouseats.com/sauced-green-peppercorn-pan-sauce-recipe,Green Peppercorn Pan Sauce Recipe | Sauced,Pan with fond remaining after searing steaks,pan with fond remaining after searing steaks,0.0,
https://www.seriouseats.com/sauced-green-peppercorn-pan-sauce-recipe,Green Peppercorn Pan Sauce Recipe | Sauced,1 tablespoon olive oil,olive oil,1.0,tbsp
https://www.seriouseats.com/sauced-green-peppercorn-pan-sauce-recipe,Green Peppercorn Pan Sauce Recipe | Sauced,3 tablespoons finely chopped shallots,finely chopped shallots,3.0,tbsp
https://www.seriouseats.com/sauced-green-peppercorn-pan-sauce-recipe,Green Peppercorn Pan Sauce Recipe | Sauced,1 cup beef stock,beef stock,1.0,cup
https://www.seriouseats.com/sauced-green-peppercorn-pan-sauce-recipe,Green Peppercorn Pan Sauce Recipe | Sauced,1/2 cup heavy cream,heavy cream,0.5,cup
https://www.seriouseats.com/sauced-green-peppercorn-pan-sauce-recipe,Green Peppercorn Pan Sauce Recipe | Sauced,1/4 cup brandy,brandy,0.25,cup
https://www.seriouseats.com/sauced-green-peppercorn-pan-sauce-recipe,Green Peppercorn Pan Sauce Recipe | Sauced,2 tablespoons red wine,red wine,2.0,tbsp
https://www.seriouseats.com/sauced-green-peppercorn-pan-sauce-recipe,Green Peppercorn Pan Sauce Recipe | Sauced,"2 tablespoons green peppercorns in brine, drained","green peppercorns in brine, drained",2.0,tbsp
https://www.seriouseats.com/sauced-green-peppercorn-pan-sauce-recipe,Green Peppercorn Pan Sauce Recipe | Sauced,1/2 teaspoon chopped fresh thyme,chopped fresh thyme,0.5,tsp
https://www.seriouseats.com/sauced-green-peppercorn-pan-sauce-recipe,Green Peppercorn Pan Sauce Recipe | Sauced,"Kosher salt, to taste","kosher salt, to taste",0.0,
https://www.seriouseats.com/sauced-green-peppercorn-pan-sauce-recipe,Green Peppercorn Pan Sauce Recipe | Sauced,"Freshly ground black pepper, to taste","freshly ground black pepper, to taste",0.0,
https://www.seriouseats.com/the-martini-recipe,Classic Martini Cocktail,2 ounces dry gin,dry gin,2.0,ounces
https://www.seriouseats.com/the-martini-recipe,Classic Martini Cocktail,1 ounce dry vermouth,dry vermouth,1.0,ounce
https://www.seriouseats.com/the-martini-recipe,Classic Martini Cocktail,"1 dash orange bitters (optional, but highly recommended)","dash orange bitters (optional, but highly recommended)",1.0,
https://www.seriouseats.com/sous-vide-rack-of-lamb-recipe,Sous Vide Rack of Lamb Recipe,"2 (8-bone) racks of lamb, about 2 pounds (900g) total","(8-bone) racks of lamb, about 2 pounds (900g) total",2.0,
https://www.seriouseats.com/sous-vide-rack-of-lamb-recipe,Sous Vide Rack of Lamb Recipe,Kosher salt and freshly ground black pepper,kosher salt and freshly ground black pepper,0.0,
https://www.seriouseats.com/sous-vide-rack-of-lamb-recipe,Sous Vide Rack of Lamb Recipe,"Aromatics, such as fresh thyme or rosemary sprigs, sliced shallots, and sliced garlic (optional)","aromatics, such as fresh thyme or rosemary sprigs, sliced shallots, and sliced garlic (optional)",0.0,
https://www.seriouseats.com/sous-vide-rack-of-lamb-recipe,Sous Vide Rack of Lamb Recipe,"2 tablespoons (30ml) vegetable, canola, or rice bran oil","(30ml) vegetable, canola, or rice bran oil",2.0,tbsp
https://www.seriouseats.com/sous-vide-rack-of-lamb-recipe,Sous Vide Rack of Lamb Recipe,2 tablespoons (30g) unsalted butter,(30g) unsalted butter,2.0,tbsp
https://www.seriouseats.com/classic-smashed-burgers-recipe,Classic Smashed Burgers,1/2 teaspoon vegetable oil,vegetable oil,0.5,tsp
https://www.seriouseats.com/classic-smashed-burgers-recipe,Classic Smashed Burgers,"16 to 20 ounces (455g to 570g) ground beef, divided into four 4-ounce portions (see note)","to 20 ounces (455g to 570g) ground beef, divided into four 4-ounce portions (see note)",16.0,
https://www.seriouseats.com/classic-smashed-burgers-recipe,Classic Smashed Burgers,Kosher salt and freshly ground black pepper,kosher salt and freshly ground black pepper,0.0,
https://www.seriouseats.com/classic-smashed-burgers-recipe,Classic Smashed Burgers,Cheese slices (if desired),cheese slices (if desired),0.0,
https://www.seriouseats.com/classic-smashed-burgers-recipe,Classic Smashed Burgers,Four toasted burger buns,four toasted burger buns,0.0,
https://www.seriouseats.com/classic-smashed-burgers-recipe,Classic Smashed Burgers,"Toppings and condiments, as desired","toppings and condiments, as desired",0.0,
https://www.seriouseats.com/crispy-sous-vide-chicken-thigh-recipe,Crispy Sous Vide Chicken Thighs With Mustard-Wine Pan Sauce Recipe,"4 bone-in, skin-on chicken thighs","bone-in, skin-on chicken thighs",4.0,
https://www.seriouseats.com/crispy-sous-vide-chicken-thigh-recipe,Crispy Sous Vide Chicken Thighs With Mustard-Wine Pan Sauce Recipe,Kosher salt and freshly ground black pepper,kosher salt and freshly ground black pepper,0.0,
https://www.seriouseats.com/crispy-sous-vide-chicken-thigh-recipe,Crispy Sous Vide Chicken Thighs With Mustard-Wine Pan Sauce Recipe,4 sprigs thyme or rosemary (optional),sprigs thyme or rosemary (optional),4.0,
https://www.seriouseats.com/crispy-sous-vide-chicken-thigh-recipe,Crispy Sous Vide Chicken Thighs With Mustard-Wine Pan Sauce Recipe,"1 tablespoon canola, vegetable, or grapeseed oil","canola, vegetable, or grapeseed oil",1.0,tbsp
https://www.seriouseats.com/crispy-sous-vide-chicken-thigh-recipe,Crispy Sous Vide Chicken Thighs With Mustard-Wine Pan Sauce Recipe,"1 small shallot, minced","small shallot, minced",1.0,
https://www.seriouseats.com/crispy-sous-vide-chicken-thigh-recipe,Crispy Sous Vide Chicken Thighs With Mustard-Wine Pan Sauce Recipe,1 cup dry white wine,dry white wine,1.0,cup
https://www.seriouseats.com/crispy-sous-vide-chicken-thigh-recipe,Crispy Sous Vide Chicken Thighs With Mustard-Wine Pan Sauce Recipe,1 tablespoon whole-grain mustard,whole-grain mustard,1.0,tbsp
https://www.seriouseats.com/crispy-sous-vide-chicken-thigh-recipe,Crispy Sous Vide Chicken Thighs With Mustard-Wine Pan Sauce Recipe,2 tablespoons unsalted butter,unsalted butter,2.0,tbsp
https://www.seriouseats.com/crispy-sous-vide-chicken-thigh-recipe,Crispy Sous Vide Chicken Thighs With Mustard-Wine Pan Sauce Recipe,1/2 teaspoon fresh juice from 1 lemon,fresh juice from 1 lemon,0.5,tsp
https://www.seriouseats.com/crispy-sous-vide-chicken-thigh-recipe,Crispy Sous Vide Chicken Thighs With Mustard-Wine Pan Sauce Recipe,1 tablespoon minced fresh parsley leaves,minced fresh parsley leaves,1.0,tbsp
https://www.seriouseats.com/best-easy-apple-crisp-crumble-recipe,The Best Apple Crisp,100g all-purpose flour (3 3/4 ounces; about 3/4 cup),100g all-purpose flour (3 3/4 ounces; about 3/4 cup),0.0,
https://www.seriouseats.com/best-easy-apple-crisp-crumble-recipe,The Best Apple Crisp,"165g raw sugar, such as turbinado (5 3/4 ounces; about 3/4 cup)","165g raw sugar, such as turbinado (5 3/4 ounces; about 3/4 cup)",0.0,
https://www.seriouseats.com/best-easy-apple-crisp-crumble-recipe,The Best Apple Crisp,1 tablespoon freshly grated zest from 1 lemon,freshly grated zest from 1 lemon,1.0,tbsp
https://www.seriouseats.com/best-easy-apple-crisp-crumble-recipe,The Best Apple Crisp,1 1/2 teaspoons freshly grated nutmeg (see note),freshly grated nutmeg (see note),1.5,tsp
https://www.seriouseats.com/best-easy-apple-crisp-crumble-recipe,The Best Apple Crisp,1 teaspoon (4g) kosher salt,(4g) kosher salt,1.0,tsp
https://www.seriouseats.com/best-easy-apple-crisp-crumble-recipe,The Best Apple Crisp,100g toasted pecans (3 3/4 ounces; about 1 cup),100g toasted pecans (3 3/4 ounces; about 1 cup),0.0,
https://www.seriouseats.com/best-easy-apple-crisp-crumble-recipe,The Best Apple Crisp,"145g unsalted butter (5 ounces; 10 tablespoons), cut into small cubes and chilled","145g unsalted butter (5 ounces; 10 tablespoons), cut into small cubes and chilled",0.0,
https://www.seriouseats.com/best-easy-apple-crisp-crumble-recipe,The Best Apple Crisp,"4 apples (preferably a mix of firm, tart Fuji and Jonagold as well as softer Golden Delicious), skin on, cored and diced","apples (preferably a mix of firm, tart fuji and jonagold as well as softer golden delicious), skin on, cored and diced",4.0,
https://www.seriouseats.com/best-easy-apple-crisp-crumble-recipe,The Best Apple Crisp,3 tablespoons sugar,sugar,3.0,tbsp
https://www.seriouseats.com/best-easy-apple-crisp-crumble-recipe,The Best Apple Crisp,1 tablespoon cornstarch,cornstarch,1.0,tbsp
https://www.seriouseats.com/best-easy-apple-crisp-crumble-recipe,The Best Apple Crisp,1/2 teaspoon (2g) kosher salt,(2g) kosher salt,0.5,tsp
https://www.seriouseats.com/best-easy-apple-crisp-crumble-recipe,The Best Apple Crisp,"2 tablespoons (30ml) bourbon, rye, or Scotch","(30ml) bourbon, rye, or scotch",2.0,tbsp
https://www.seriouseats.com/extra-crispy-bar-style-tortilla-pizza-recipe,Extra-Crispy Bar-Style Tortilla Pizza,"1/2 teaspoon extra-virgin olive oil, plus more for drizzling","extra-virgin olive oil, plus more for drizzling",0.5,tsp
https://www.seriouseats.com/extra-crispy-bar-style-tortilla-pizza-recipe,Extra-Crispy Bar-Style Tortilla Pizza,1 (10-inch) flour tortilla,(10-inch) flour tortilla,1.0,
https://www.seriouseats.com/extra-crispy-bar-style-tortilla-pizza-recipe,Extra-Crispy Bar-Style Tortilla Pizza,1/4 cup (60ml) store-bought or homemade pizza sauce,(60ml) store-bought or homemade pizza sauce,0.25,cup
https://www.seriouseats.com/extra-crispy-bar-style-tortilla-pizza-recipe,Extra-Crispy Bar-Style Tortilla Pizza,1 1/2 ounces (45g) shredded whole milk low-moisture mozzarella cheese,(45g) shredded whole milk low-moisture mozzarella cheese,1.5,ounces
https://www.seriouseats.com/extra-crispy-bar-style-tortilla-pizza-recipe,Extra-Crispy Bar-Style Tortilla Pizza,"1 ounce (30g) finely grated Parmesan cheese, divided","(30g) finely grated parmesan cheese, divided",1.0,ounce
https://www.seriouseats.com/extra-crispy-bar-style-tortilla-pizza-recipe,Extra-Crispy Bar-Style Tortilla Pizza,Kosher salt,kosher salt,0.0,
https://www.seriouseats.com/extra-crispy-bar-style-tortilla-pizza-recipe,Extra-Crispy Bar-Style Tortilla Pizza,"2 fresh basil leaves, roughly torn","fresh basil leaves, roughly torn",2.0,
https://www.seriouseats.com/beef-wellington-sandwich-recipe-11875196,Beef Wellington Sandwich,"4 large croissants, homemade or store-bought, split","large croissants, homemade or store-bought, split",4.0,
https://www.seriouseats.com/beef-wellington-sandwich-recipe-11875196,Beef Wellington Sandwich,1/4 cup (60 ml) mayonnaise,(60 ml) mayonnaise,0.25,cup
https://www.seriouseats.com/beef-wellington-sandwich-recipe-11875196,Beef Wellington Sandwich,1/4 cup (60 ml) Dijon mustard,(60 ml) dijon mustard,0.25,cup
https://www.seriouseats.com/beef-wellington-sandwich-recipe-11875196,Beef Wellington Sandwich,2 tablespoons (30 g) prepared horseradish,(30 g) prepared horseradish,2.0,tbsp
https://www.seriouseats.com/beef-wellington-sandwich-recipe-11875196,Beef Wellington Sandwich,1 tablespoon unsalted butter (1 ounce; 14 g),unsalted butter (1 ounce; 14 g),1.0,tbsp
https://www.seriouseats.com/beef-wellington-sandwich-recipe-11875196,Beef Wellington Sandwich,"1 small shallot (1 1/2 ounces; 45 g), thinly sliced crosswise","small shallot (1 1/2 ounces; 45 g), thinly sliced crosswise",1.0,
https://www.seriouseats.com/beef-wellington-sandwich-recipe-11875196,Beef Wellington Sandwich,"16 ounces (454 g) cremini or button mushrooms, stemmed and cut into 1/4-inch slices","(454 g) cremini or button mushrooms, stemmed and cut into 1/4-inch slices",16.0,ounces
https://www.seriouseats.com/beef-wellington-sandwich-recipe-11875196,Beef Wellington Sandwich,1 teaspoon minced fresh thyme leaves,minced fresh thyme leaves,1.0,tsp
https://www.seriouseats.com/beef-wellington-sandwich-recipe-11875196,Beef Wellington Sandwich,"1/2 teaspoon Diamond Crystal kosher salt, plus more to taste; for table salt, use half as much by volume","diamond crystal kosher salt, plus more to taste; for table salt, use half as much by volume",0.5,tsp
https://www.seriouseats.com/beef-wellington-sandwich-recipe-11875196,Beef Wellington Sandwich,"1/4 teaspoon freshly ground black pepper, plus more to taste","freshly ground black pepper, plus more to taste",0.25,tsp
https://www.seriouseats.com/beef-wellington-sandwich-recipe-11875196,Beef Wellington Sandwich,"12 ounces (340 g) thinly sliced rare roast beef, homemade or store-bought (see notes)","(340 g) thinly sliced rare roast beef, homemade or store-bought (see notes)",12.0,ounces
https://www.seriouseats.com/beef-wellington-sandwich-recipe-11875196,Beef Wellington Sandwich,4 ounces (113 g) thinly sliced prosciutto,(113 g) thinly sliced prosciutto,4.0,ounces
https://www.seriouseats.com/beef-wellington-sandwich-recipe-11875196,Beef Wellington Sandwich,1 ounce baby arugula (28 g; 2 cups),baby arugula (28 g; 2 cups),1.0,ounce
https://www.seriouseats.com/matcha-chiffon-cake-recipe-11875569,Matcha Chiffon Cake,4 ounces (113 g) egg whites from 4 large eggs,(113 g) egg whites from 4 large eggs,4.0,ounces
https://www.seriouseats.com/matcha-chiffon-cake-recipe-11875569,Matcha Chiffon Cake,"1/2 teaspoon Diamond Crystal kosher salt; for table salt, use half as much by volume or same weight","diamond crystal kosher salt; for table salt, use half as much by volume or same weight",0.5,tsp
https://www.seriouseats.com/matcha-chiffon-cake-recipe-11875569,Matcha Chiffon Cake,"142 g granulated sugar (5 ounces; about 2/3 cups), divided","granulated sugar (5 ounces; about 2/3 cups), divided",142.0,g
https://www.seriouseats.com/matcha-chiffon-cake-recipe-11875569,Matcha Chiffon Cake,128 g all-purpose flour (4 1/2 ounces; 1 cup),all-purpose flour (4 1/2 ounces; 1 cup),128.0,g
https://www.seriouseats.com/matcha-chiffon-cake-recipe-11875569,Matcha Chiffon Cake,1 teaspoon baking powder,baking powder,1.0,tsp
https://www.seriouseats.com/matcha-chiffon-cake-recipe-11875569,Matcha Chiffon Cake,1 tablespoon (5 g) matcha powder,(5 g) matcha powder,1.0,tbsp
https://www.seriouseats.com/matcha-chiffon-cake-recipe-11875569,Matcha Chiffon Cake,56 g egg yolks (2 ounces) from 4 large eggs,egg yolks (2 ounces) from 4 large eggs,56.0,g
https://www.seriouseats.com/matcha-chiffon-cake-recipe-11875569,Matcha Chiffon Cake,"56 g neutral oil (2 ounces; about 1/4 cup), such as vegetable","neutral oil (2 ounces; about 1/4 cup), such as vegetable",56.0,g
https://www.seriouseats.com/matcha-chiffon-cake-recipe-11875569,Matcha Chiffon Cake,85 g cold seltzer or club soda (3 ounces; about 1/3 cup),cold seltzer or club soda (3 ounces; about 1/3 cup),85.0,g
https://www.seriouseats.com/matcha-chiffon-cake-recipe-11875569,Matcha Chiffon Cake,2 teaspoons (10 g) vanilla extract,(10 g) vanilla extract,2.0,tsp
https://www.seriouseats.com/matcha-chiffon-cake-recipe-11875569,Matcha Chiffon Cake,1/2 cup mascarpone (4 ounces; 113 g),mascarpone (4 ounces; 113 g),0.5,cup
https://www.seriouseats.com/matcha-chiffon-cake-recipe-11875569,Matcha Chiffon Cake,2 cups (480 ml) heavy cream,(480 ml) heavy cream,2.0,cup
https://www.seriouseats.com/matcha-chiffon-cake-recipe-11875569,Matcha Chiffon Cake,1/4 teaspoon vanilla extract,vanilla extract,0.25,tsp
https://www.seriouseats.com/matcha-chiffon-cake-recipe-11875569,Matcha Chiffon Cake,"1/4 teaspoon Diamond Crystal kosher salt; for table salt, use half as much by volume","diamond crystal kosher salt; for table salt, use half as much by volume",0.25,tsp
https://www.seriouseats.com/matcha-chiffon-cake-recipe-11875569,Matcha Chiffon Cake,"42 g powdered sugar (about 1 1/2 ounces; 3 tablespoons), plus more as needed","powdered sugar (about 1 1/2 ounces; 3 tablespoons), plus more as needed",42.0,g
https://www.seriouseats.com/matcha-chiffon-cake-recipe-11875569,Matcha Chiffon Cake,1 1/2 tablespoons (7 g) matcha powder,(7 g) matcha powder,1.5,tbsp
https://www.seriouseats.com/matcha-chiffon-cake-recipe-11875569,Matcha Chiffon Cake,"Powdered sugar, for dusting","powdered sugar, for dusting",0.0,
https://www.seriouseats.com/midwestern-lefse-recipe-11874647,Midwestern Potato Lefse (Norwegian-American Potato Flatbread),"1.02 kg ( 2 1/2 pounds) russet potatoes, peeled and cut into 1-inch chunks","( 2 1/2 pounds) russet potatoes, peeled and cut into 1-inch chunks",1.02,kg
https://www.seriouseats.com/midwestern-lefse-recipe-11874647,Midwestern Potato Lefse (Norwegian-American Potato Flatbread),"70 g (5 tablespoons) unsalted butter, cut into tablespoons","(5 tablespoons) unsalted butter, cut into tablespoons",70.0,g
https://www.seriouseats.com/midwestern-lefse-recipe-11874647,Midwestern Potato Lefse (Norwegian-American Potato Flatbread),75 g (5 tablespoons) heavy cream,(5 tablespoons) heavy cream,75.0,g
https://www.seriouseats.com/midwestern-lefse-recipe-11874647,Midwestern Potato Lefse (Norwegian-American Potato Flatbread),"6 g (2 teaspoons) Diamond Crystal kosher salt; for table salt, use half as much by volume","(2 teaspoons) diamond crystal kosher salt; for table salt, use half as much by volume",6.0,g
https://www.seriouseats.com/midwestern-lefse-recipe-11874647,Midwestern Potato Lefse (Norwegian-American Potato Flatbread),8 g (2 teaspoons) granulated sugar,(2 teaspoons) granulated sugar,8.0,g
https://www.seriouseats.com/midwestern-lefse-recipe-11874647,Midwestern Potato Lefse (Norwegian-American Potato Flatbread),"150 g (1 1/4 cups) all-purpose flour, plus more for rolling","(1 1/4 cups) all-purpose flour, plus more for rolling",150.0,g
https://www.seriouseats.com/orange-and-saffron-flan-recipe-11875172,Orange and Saffron Flan,2/3 cup granulated sugar (4 3/4 ounces; 134 g),granulated sugar (4 3/4 ounces; 134 g),0.6666666666666666,cup
https://www.seriouseats.com/orange-and-saffron-flan-recipe-11875172,Orange and Saffron Flan,"1/4 cup plus 2 tablespoons (90 ml) freshly squeezed orange juice from 1 medium orange, divided, plus 1 tablespoon zest from 2 medium oranges, divided","plus 2 tablespoons (90 ml) freshly squeezed orange juice from 1 medium orange, divided, plus 1 tablespoon zest from 2 medium oranges, divided",0.25,cup
https://www.seriouseats.com/orange-and-saffron-flan-recipe-11875172,Orange and Saffron Flan,"1 large pinch saffron threads, see notes","large pinch saffron threads, see notes",1.0,
https://www.seriouseats.com/orange-and-saffron-flan-recipe-11875172,Orange and Saffron Flan,3 large eggs,large eggs,3.0,
https://www.seriouseats.com/orange-and-saffron-flan-recipe-11875172,Orange and Saffron Flan,3 large egg yolks (about 1 1/2 ounces; 42 g),large egg yolks (about 1 1/2 ounces; 42 g),3.0,
https://www.seriouseats.com/orange-and-saffron-flan-recipe-11875172,Orange and Saffron Flan,1 (14-ounce) can sweetened condensed milk,(14-ounce) can sweetened condensed milk,1.0,
https://www.seriouseats.com/orange-and-saffron-flan-recipe-11875172,Orange and Saffron Flan,1 (12-ounce) can evaporated milk,(12-ounce) can evaporated milk,1.0,
https://www.seriouseats.com/orange-and-saffron-flan-recipe-11875172,Orange and Saffron Flan,1/3 cup (80 ml) heavy cream,(80 ml) heavy cream,0.3333333333333333,cup
https://www.seriouseats.com/orange-and-saffron-flan-recipe-11875172,Orange and Saffron Flan,1 teaspoon (5g) vanilla extract,(5g) vanilla extract,1.0,tsp
https://www.seriouseats.com/orange-and-saffron-flan-recipe-11875172,Orange and Saffron Flan,"1/4 teaspoon Diamond Crystal kosher salt; for table salt, use half as much by volume","diamond crystal kosher salt; for table salt, use half as much by volume",0.25,tsp
https://www.seriouseats.com/basic-marinade-for-stir-fried-meats-recipe,Basic Marinade for Stir-Fried Meats,"1/2 pound sliced or diced chicken, pork, or beef","sliced or diced chicken, pork, or beef",0.5,pound
https://www.seriouseats.com/basic-marinade-for-stir-fried-meats-recipe,Basic Marinade for Stir-Fried Meats,1/4 teaspoon salt,salt,0.25,tsp
https://www.seriouseats.com/basic-marinade-for-stir-fried-meats-recipe,Basic Marinade for Stir-Fried Meats,1/4 teaspoon sugar,sugar,0.25,tsp
https://www.seriouseats.com/basic-marinade-for-stir-fried-meats-recipe,Basic Marinade for Stir-Fried Meats,1/8 teaspoon ground pepper (white or black),ground pepper (white or black),0.125,tsp
https://www.seriouseats.com/basic-marinade-for-stir-fried-meats-recipe,Basic Marinade for Stir-Fried Meats,1/2 teaspoon Shaoxing wine,shaoxing wine,0.5,tsp
https://www.seriouseats.com/basic-marinade-for-stir-fried-meats-recipe,Basic Marinade for Stir-Fried Meats,1/2 teaspoon soy sauce,soy sauce,0.5,tsp
https://www.seriouseats.com/basic-marinade-for-stir-fried-meats-recipe,Basic Marinade for Stir-Fried Meats,"1 teaspoon vegetable, peanut, or canola oil","vegetable, peanut, or canola oil",1.0,tsp
https://www.seriouseats.com/basic-marinade-for-stir-fried-meats-recipe,Basic Marinade for Stir-Fried Meats,1/2 teaspoon cornstarch,cornstarch,0.5,tsp
https://www.seriouseats.com/vietnamese-grilled-pork-chop-thit-heo-nuong-xa-recipe,Thit Heo Nuong Xa (Vietnamese Grilled Lemongrass Pork Chops),"2 teaspoons whole white peppercorns, or 1 1/2 teaspoons ground white pepper (4g)","whole white peppercorns, or 1 1/2 teaspoons ground white pepper (4g)",2.0,tsp
https://www.seriouseats.com/vietnamese-grilled-pork-chop-thit-heo-nuong-xa-recipe,Thit Heo Nuong Xa (Vietnamese Grilled Lemongrass Pork Chops),Pinch kosher salt,pinch kosher salt,0.0,
https://www.seriouseats.com/vietnamese-grilled-pork-chop-thit-heo-nuong-xa-recipe,Thit Heo Nuong Xa (Vietnamese Grilled Lemongrass Pork Chops),"3 stalks lemongrass, bottom 4 to 5 inches only, outer leaves discarded, tender core thinly sliced (about 2 ounces; 60g sliced lemongrass)","stalks lemongrass, bottom 4 to 5 inches only, outer leaves discarded, tender core thinly sliced (about 2 ounces; 60g sliced lemongrass)",3.0,
https://www.seriouseats.com/vietnamese-grilled-pork-chop-thit-heo-nuong-xa-recipe,Thit Heo Nuong Xa (Vietnamese Grilled Lemongrass Pork Chops),"1 small shallot, roughly chopped (about 1 ounce; 30g total)","small shallot, roughly chopped (about 1 ounce; 30g total)",1.0,
https://www.seriouseats.com/vietnamese-grilled-pork-chop-thit-heo-nuong-xa-recipe,Thit Heo Nuong Xa (Vietnamese Grilled Lemongrass Pork Chops),"4 medium cloves garlic, roughly chopped (3/4 ounce; about 20g)","medium cloves garlic, roughly chopped (3/4 ounce; about 20g)",4.0,
https://www.seriouseats.com/vietnamese-grilled-pork-chop-thit-heo-nuong-xa-recipe,Thit Heo Nuong Xa (Vietnamese Grilled Lemongrass Pork Chops),1/3 cup palm sugar (about 3 ounces; 85g),palm sugar (about 3 ounces; 85g),0.3333333333333333,cup
https://www.seriouseats.com/vietnamese-grilled-pork-chop-thit-heo-nuong-xa-recipe,Thit Heo Nuong Xa (Vietnamese Grilled Lemongrass Pork Chops),1/4 cup (60ml) fish sauce,(60ml) fish sauce,0.25,cup
https://www.seriouseats.com/vietnamese-grilled-pork-chop-thit-heo-nuong-xa-recipe,Thit Heo Nuong Xa (Vietnamese Grilled Lemongrass Pork Chops),2 tablespoons (30ml) vegetable oil,(30ml) vegetable oil,2.0,tbsp
https://www.seriouseats.com/vietnamese-grilled-pork-chop-thit-heo-nuong-xa-recipe,Thit Heo Nuong Xa (Vietnamese Grilled Lemongrass Pork Chops),"1 1/2 pounds (680g) thin-cut pork chops, preferably blade end, with plenty of fat and marbling","(680g) thin-cut pork chops, preferably blade end, with plenty of fat and marbling",1.5,pounds
https://www.seriouseats.com/vietnamese-grilled-pork-chop-thit-heo-nuong-xa-recipe,Thit Heo Nuong Xa (Vietnamese Grilled Lemongrass Pork Chops),1 recipe basic nuoc cham,recipe basic nuoc cham,1.0,
https://www.seriouseats.com/vietnamese-grilled-pork-chop-thit-heo-nuong-xa-recipe,Thit Heo Nuong Xa (Vietnamese Grilled Lemongrass Pork Chops),1/4 cup (30g) very thinly julienned or grated carrot (optional),(30g) very thinly julienned or grated carrot (optional),0.25,cup
https://www.seriouseats.com/vietnamese-grilled-pork-chop-thit-heo-nuong-xa-recipe,Thit Heo Nuong Xa (Vietnamese Grilled Lemongrass Pork Chops),1/4 cup (30g) very thinly julienned or grated daikon radish (optional),(30g) very thinly julienned or grated daikon radish (optional),0.25,cup
https://www.seriouseats.com/vietnamese-grilled-pork-chop-thit-heo-nuong-xa-recipe,Thit Heo Nuong Xa (Vietnamese Grilled Lemongrass Pork Chops),Pinch crushed red pepper flakes (preferably Thai or Vietnamese; optional),pinch crushed red pepper flakes (preferably thai or vietnamese; optional),0.0,
https://www.seriouseats.com/vietnamese-grilled-pork-chop-thit-heo-nuong-xa-recipe,Thit Heo Nuong Xa (Vietnamese Grilled Lemongrass Pork Chops),Steamed white rice,steamed white rice,0.0,
https://www.seriouseats.com/vietnamese-grilled-pork-chop-thit-heo-nuong-xa-recipe,Thit Heo Nuong Xa (Vietnamese Grilled Lemongrass Pork Chops),Sliced cucumber,sliced cucumber,0.0,
https://www.seriouseats.com/smooth-creamy-polenta-recipe,Smooth and Creamy Polenta,"5 cups (1.2L) water, milk, or chicken stock or vegetable stock (see note)","(1.2l) water, milk, or chicken stock or vegetable stock (see note)",5.0,cup
https://www.seriouseats.com/smooth-creamy-polenta-recipe,Smooth and Creamy Polenta,1 cup (5 ounces; 140g) medium or coarse cornmeal/polenta (see note),(5 ounces; 140g) medium or coarse cornmeal/polenta (see note),1.0,cup
https://www.seriouseats.com/smooth-creamy-polenta-recipe,Smooth and Creamy Polenta,Kosher salt,kosher salt,0.0,
https://www.seriouseats.com/smooth-creamy-polenta-recipe,Smooth and Creamy Polenta,"2 tablespoons (1 ounce; 30g) unsalted butter or extra-virgin olive oil, plus more oil to sear or grill, if desired","(1 ounce; 30g) unsalted butter or extra-virgin olive oil, plus more oil to sear or grill, if desired",2.0,tbsp
https://www.seriouseats.com/smooth-creamy-polenta-recipe,Smooth and Creamy Polenta,"Accompaniments, as desired","accompaniments, as desired",0.0,
https://www.seriouseats.com/new-england-clam-chowder-recipe,New England Clam Chowder,"1/2 pound salt pork or bacon, cut into 1/2-inch cubes","salt pork or bacon, cut into 1/2-inch cubes",0.5,pound
https://www.seriouseats.com/new-england-clam-chowder-recipe,New England Clam Chowder,2 tablespoons butter,butter,2.0,tbsp
https://www.seriouseats.com/new-england-clam-chowder-recipe,New England Clam Chowder,"1 medium onion, finely chopped (about 1 cup)","medium onion, finely chopped (about 1 cup)",1.0,
https://www.seriouseats.com/new-england-clam-chowder-recipe,New England Clam Chowder,"2 stalks celery, finely chopped (about 1 cup)","stalks celery, finely chopped (about 1 cup)",2.0,
https://www.seriouseats.com/new-england-clam-chowder-recipe,New England Clam Chowder,1 cup water or clam juice,water or clam juice,1.0,cup
https://www.seriouseats.com/new-england-clam-chowder-recipe,New England Clam Chowder,2 1/2 pounds live cherrystone or littleneck clams (see note),live cherrystone or littleneck clams (see note),2.5,pounds
https://www.seriouseats.com/new-england-clam-chowder-recipe,New England Clam Chowder,1 quart whole milk,quart whole milk,1.0,
https://www.seriouseats.com/new-england-clam-chowder-recipe,New England Clam Chowder,"1 1/2 pounds russet or yukon gold potatoes, peeled and cut into 1/2-inch cubes","russet or yukon gold potatoes, peeled and cut into 1/2-inch cubes",1.5,pounds
https://www.seriouseats.com/new-england-clam-chowder-recipe,New England Clam Chowder,2 bay leaves,bay leaves,2.0,
https://www.seriouseats.com/new-england-clam-chowder-recipe,New England Clam Chowder,Kosher salt and freshly ground black pepper,kosher salt and freshly ground black pepper,0.0,
https://www.seriouseats.com/new-england-clam-chowder-recipe,New England Clam Chowder,1 cup heavy cream,heavy cream,1.0,cup
https://www.seriouseats.com/new-england-clam-chowder-recipe,New England Clam Chowder,"Oyster crackers, for serving","oyster crackers, for serving",0.0,
https://www.seriouseats.com/gochujang-scallion-cornbread-recipe-11875121,Gochujang Scallion Cornbread With Honey Butter Glaze,142 g cornmeal (5 ounces; 1 cup),cornmeal (5 ounces; 1 cup),142.0,g
https://www.seriouseats.com/gochujang-scallion-cornbread-recipe-11875121,Gochujang Scallion Cornbread With Honey Butter Glaze,128 g all-purpose flour (4 1/2 ounces; 1 cup),all-purpose flour (4 1/2 ounces; 1 cup),128.0,g
https://www.seriouseats.com/gochujang-scallion-cornbread-recipe-11875121,Gochujang Scallion Cornbread With Honey Butter Glaze,2 teaspoons baking powder,baking powder,2.0,tsp
https://www.seriouseats.com/gochujang-scallion-cornbread-recipe-11875121,Gochujang Scallion Cornbread With Honey Butter Glaze,1/2 teaspoon baking soda,baking soda,0.5,tsp
https://www.seriouseats.com/gochujang-scallion-cornbread-recipe-11875121,Gochujang Scallion Cornbread With Honey Butter Glaze,1/4 teaspoon smoked paprika,smoked paprika,0.25,tsp
https://www.seriouseats.com/gochujang-scallion-cornbread-recipe-11875121,Gochujang Scallion Cornbread With Honey Butter Glaze,"1 1/2 teaspoons Diamond Crystal kosher salt; for table salt, use half as much by volume","diamond crystal kosher salt; for table salt, use half as much by volume",1.5,tsp
https://www.seriouseats.com/gochujang-scallion-cornbread-recipe-11875121,Gochujang Scallion Cornbread With Honey Butter Glaze,67 g granulated sugar (about 2 1/4 ounces; 1/3 cup),granulated sugar (about 2 1/4 ounces; 1/3 cup),67.0,g
https://www.seriouseats.com/gochujang-scallion-cornbread-recipe-11875121,Gochujang Scallion Cornbread With Honey Butter Glaze,"28 g unsalted butter (1 ounce; 2 tablespoons), melted and cooled slightly, plus more for greasing","unsalted butter (1 ounce; 2 tablespoons), melted and cooled slightly, plus more for greasing",28.0,g
https://www.seriouseats.com/gochujang-scallion-cornbread-recipe-11875121,Gochujang Scallion Cornbread With Honey Butter Glaze,1/2 cup (120 ml) extra-virgin olive oil,(120 ml) extra-virgin olive oil,0.5,cup
https://www.seriouseats.com/gochujang-scallion-cornbread-recipe-11875121,Gochujang Scallion Cornbread With Honey Butter Glaze,1 tablespoon (15 ml) honey,(15 ml) honey,1.0,tbsp
https://www.seriouseats.com/gochujang-scallion-cornbread-recipe-11875121,Gochujang Scallion Cornbread With Honey Butter Glaze,1 cup (240 ml) whole milk,(240 ml) whole milk,1.0,cup
https://www.seriouseats.com/gochujang-scallion-cornbread-recipe-11875121,Gochujang Scallion Cornbread With Honey Butter Glaze,1 tablespoon gochujang (about 1/2 ounce; 16 g),gochujang (about 1/2 ounce; 16 g),1.0,tbsp
https://www.seriouseats.com/gochujang-scallion-cornbread-recipe-11875121,Gochujang Scallion Cornbread With Honey Butter Glaze,2 large eggs,large eggs,2.0,
https://www.seriouseats.com/gochujang-scallion-cornbread-recipe-11875121,Gochujang Scallion Cornbread With Honey Butter Glaze,"4 medium scallions, white and light green parts, finely chopped (1/2 cup)","medium scallions, white and light green parts, finely chopped (1/2 cup)",4.0,
https://www.seriouseats.com/gochujang-scallion-cornbread-recipe-11875121,Gochujang Scallion Cornbread With Honey Butter Glaze,28 g unsalted butter (1 ounce; 2 tablespoons),unsalted butter (1 ounce; 2 tablespoons),28.0,g
https://www.seriouseats.com/gochujang-scallion-cornbread-recipe-11875121,Gochujang Scallion Cornbread With Honey Butter Glaze,1 tablespoon (15 ml) honey,(15 ml) honey,1.0,tbsp
https://www.seriouseats.com/gochujang-scallion-cornbread-recipe-11875121,Gochujang Scallion Cornbread With Honey Butter Glaze,1/2 teaspoon gochujang,gochujang,0.5,tsp
https://www.seriouseats.com/gochujang-scallion-cornbread-recipe-11875121,Gochujang Scallion Cornbread With Honey Butter Glaze,"1/2 teaspoon Diamond Crystal kosher salt; for table salt, use half as much by volume","diamond crystal kosher salt; for table salt, use half as much by volume",0.5,tsp
https://www.seriouseats.com/gochujang-scallion-cornbread-recipe-11875121,Gochujang Scallion Cornbread With Honey Butter Glaze,"Roasted white sesame seeds, for serving (optional)","roasted white sesame seeds, for serving (optional)",0.0,
https://www.seriouseats.com/shio-koji-marinade-recipe,Shio Koji (Koji Marinade) Recipe,1 2/3 cups (300g) firm granular rice koji (see note),(300g) firm granular rice koji (see note),1.6666666666666665,cup
https://www.seriouseats.com/shio-koji-marinade-recipe,Shio Koji (Koji Marinade) Recipe,7 tablespoons (75g) Diamond Crystal kosher salt,(75g) diamond crystal kosher salt,7.0,tbsp
https://www.seriouseats.com/shio-koji-marinade-recipe,Shio Koji (Koji Marinade) Recipe,1 2/3 cups (400g; 400ml) water,(400g; 400ml) water,1.6666666666666665,cup
https://www.seriouseats.com/creamy-eggless-chocolate-frosting-recipe-11874982,Creamy Eggless Chocolate Frosting,7 ounces plain or toasted sugar (1 cup; 195g),plain or toasted sugar (1 cup; 195g),7.0,ounces
https://www.seriouseats.com/creamy-eggless-chocolate-frosting-recipe-11874982,Creamy Eggless Chocolate Frosting,"2 ounces Dutch cocoa powder, such as Cacao Barry Extra Brute (about 2/3 cup, spooned; 55g); see note","dutch cocoa powder, such as cacao barry extra brute (about 2/3 cup, spooned; 55g); see note",2.0,ounces
https://www.seriouseats.com/creamy-eggless-chocolate-frosting-recipe-11874982,Creamy Eggless Chocolate Frosting,"1/4 teaspoon (1g) Diamond Crystal kosher salt; for table salt, use about half as much by volume or the same weight","(1g) diamond crystal kosher salt; for table salt, use about half as much by volume or the same weight",0.25,tsp
https://www.seriouseats.com/creamy-eggless-chocolate-frosting-recipe-11874982,Creamy Eggless Chocolate Frosting,"32 ounces milk, any percentage will do (4 cups; 910g)","milk, any percentage will do (4 cups; 910g)",32.0,ounces
https://www.seriouseats.com/creamy-eggless-chocolate-frosting-recipe-11874982,Creamy Eggless Chocolate Frosting,6 ounces heavy cream (3/4 cup; 170g),heavy cream (3/4 cup; 170g),6.0,ounces
https://www.seriouseats.com/creamy-eggless-chocolate-frosting-recipe-11874982,Creamy Eggless Chocolate Frosting,"12 ounces unsalted butter (about 3 sticks; 340g), softened to about 70°F (21°C)","unsalted butter (about 3 sticks; 340g), softened to about 70°f (21°c)",12.0,ounces
https://www.seriouseats.com/braised-asparagus-recipe,Braised Asparagus Recipe,2 tablespoons vegetable oil,vegetable oil,2.0,tbsp
https://www.seriouseats.com/braised-asparagus-recipe,Braised Asparagus Recipe,"1 pound asparagus, trimmed and peeled (if desired)","asparagus, trimmed and peeled (if desired)",1.0,pound
https://www.seriouseats.com/braised-asparagus-recipe,Braised Asparagus Recipe,Kosher salt and freshly ground black pepper,kosher salt and freshly ground black pepper,0.0,
https://www.seriouseats.com/braised-asparagus-recipe,Braised Asparagus Recipe,1 cup low-sodium chicken or vegetable stock,low-sodium chicken or vegetable stock,1.0,cup
https://www.seriouseats.com/braised-asparagus-recipe,Braised Asparagus Recipe,3 tablespoons unsalted butter,unsalted butter,3.0,tbsp
https://www.seriouseats.com/tonkatsu-chicken-pork-katsu-japanese-breaded-cutlets-recipe,Tonkatsu (Japanese Breaded Pork Cutlets),"2 boneless, skinless chicken breast halves, about 8 ounces (225g) each; or 4 boneless, skinless chicken thighs, 4 to 5 ounces (110 to 140g) each; or 4 boneless pork sirloin cutlets, 4 to 5 ounces (110 to 140g) each","boneless, skinless chicken breast halves, about 8 ounces (225g) each; or 4 boneless, skinless chicken thighs, 4 to 5 ounces (110 to 140g) each; or 4 boneless pork sirloin cutlets, 4 to 5 ounces (110 to 140g) each",2.0,
https://www.seriouseats.com/tonkatsu-chicken-pork-katsu-japanese-breaded-cutlets-recipe,Tonkatsu (Japanese Breaded Pork Cutlets),Kosher salt and freshly ground black pepper,kosher salt and freshly ground black pepper,0.0,
https://www.seriouseats.com/tonkatsu-chicken-pork-katsu-japanese-breaded-cutlets-recipe,Tonkatsu (Japanese Breaded Pork Cutlets),1 1/2 cups Japanese-style panko bread crumbs (about 5 ounces; 140g),japanese-style panko bread crumbs (about 5 ounces; 140g),1.5,cup
https://www.seriouseats.com/tonkatsu-chicken-pork-katsu-japanese-breaded-cutlets-recipe,Tonkatsu (Japanese Breaded Pork Cutlets),1 cup all-purpose flour (about 5 ounces; 140g),all-purpose flour (about 5 ounces; 140g),1.0,cup
https://www.seriouseats.com/tonkatsu-chicken-pork-katsu-japanese-breaded-cutlets-recipe,Tonkatsu (Japanese Breaded Pork Cutlets),"3 large eggs, thoroughly beaten","large eggs, thoroughly beaten",3.0,
https://www.seriouseats.com/tonkatsu-chicken-pork-katsu-japanese-breaded-cutlets-recipe,Tonkatsu (Japanese Breaded Pork Cutlets),"Vegetable, canola, or peanut oil, for frying","vegetable, canola, or peanut oil, for frying",0.0,
https://www.seriouseats.com/tonkatsu-chicken-pork-katsu-japanese-breaded-cutlets-recipe,Tonkatsu (Japanese Breaded Pork Cutlets),Finely shredded green cabbage,finely shredded green cabbage,0.0,
https://www.seriouseats.com/tonkatsu-chicken-pork-katsu-japanese-breaded-cutlets-recipe,Tonkatsu (Japanese Breaded Pork Cutlets),Lemon wedges,lemon wedges,0.0,
https://www.seriouseats.com/tonkatsu-chicken-pork-katsu-japanese-breaded-cutlets-recipe,Tonkatsu (Japanese Breaded Pork Cutlets),Steamed white rice,steamed white rice,0.0,
https://www.seriouseats.com/tonkatsu-chicken-pork-katsu-japanese-breaded-cutlets-recipe,Tonkatsu (Japanese Breaded Pork Cutlets),"Japanese-style pickles (sunomono), optional","japanese-style pickles (sunomono), optional",0.0,
https://www.seriouseats.com/tonkatsu-chicken-pork-katsu-japanese-breaded-cutlets-recipe,Tonkatsu (Japanese Breaded Pork Cutlets),Homemade or store-bought tonkatsu sauce,homemade or store-bought tonkatsu sauce,0.0,
https://www.seriouseats.com/crown-roast-of-pork-recipe,Easy Crown Roast of Pork Recipe,One 6- to 10-pound (2.7- to 4.5kg) crown roast of pork (12 to 20 chops; see note),one 6- to 10-pound (2.7- to 4.5kg) crown roast of pork (12 to 20 chops; see note),0.0,
https://www.seriouseats.com/crown-roast-of-pork-recipe,Easy Crown Roast of Pork Recipe,Kosher salt and freshly ground black pepper,kosher salt and freshly ground black pepper,0.0,
https://www.seriouseats.com/five-minute-grilled-chicken-cutlet-rosemary-garlic-lemon-recipe,"Five-Minute Grilled Chicken Cutlets With Rosemary, Garlic, and Lemon Recipe","3 medium cloves garlic, minced (about 1 tablespoon)","medium cloves garlic, minced (about 1 tablespoon)",3.0,
https://www.seriouseats.com/five-minute-grilled-chicken-cutlet-rosemary-garlic-lemon-recipe,"Five-Minute Grilled Chicken Cutlets With Rosemary, Garlic, and Lemon Recipe",3 tablespoons minced fresh rosemary,minced fresh rosemary,3.0,tbsp
https://www.seriouseats.com/five-minute-grilled-chicken-cutlet-rosemary-garlic-lemon-recipe,"Five-Minute Grilled Chicken Cutlets With Rosemary, Garlic, and Lemon Recipe",2 tablespoons fresh juice from 2 lemons,fresh juice from 2 lemons,2.0,tbsp
https://www.seriouseats.com/five-minute-grilled-chicken-cutlet-rosemary-garlic-lemon-recipe,"Five-Minute Grilled Chicken Cutlets With Rosemary, Garlic, and Lemon Recipe",6 tablespoons extra-virgin olive oil,extra-virgin olive oil,6.0,tbsp
https://www.seriouseats.com/five-minute-grilled-chicken-cutlet-rosemary-garlic-lemon-recipe,"Five-Minute Grilled Chicken Cutlets With Rosemary, Garlic, and Lemon Recipe",Kosher salt and freshly ground black pepper,kosher salt and freshly ground black pepper,0.0,
https://www.seriouseats.com/five-minute-grilled-chicken-cutlet-rosemary-garlic-lemon-recipe,"Five-Minute Grilled Chicken Cutlets With Rosemary, Garlic, and Lemon Recipe","4 boneless, skinless chicken breasts (5 to 7 ounces each), cut into 8 cutlets","boneless, skinless chicken breasts (5 to 7 ounces each), cut into 8 cutlets",4.0,
https://www.seriouseats.com/roasted-oysters-with-bacon-and-parmesan-recipe-11874377,Roasted Oysters With Bacon and Parmesan,"4 slices thick-cut bacon, finely chopped","thick-cut bacon, finely chopped",4.0,piece
https://www.seriouseats.com/roasted-oysters-with-bacon-and-parmesan-recipe-11874377,Roasted Oysters With Bacon and Parmesan,"2 tablespoons (28 g) unsalted butter, divided","(28 g) unsalted butter, divided",2.0,tbsp
https://www.seriouseats.com/roasted-oysters-with-bacon-and-parmesan-recipe-11874377,Roasted Oysters With Bacon and Parmesan,"1 medium clove garlic, minced","medium clove garlic, minced",1.0,
https://www.seriouseats.com/roasted-oysters-with-bacon-and-parmesan-recipe-11874377,Roasted Oysters With Bacon and Parmesan,1/4 cup (60 ml) heavy cream,(60 ml) heavy cream,0.25,cup
https://www.seriouseats.com/roasted-oysters-with-bacon-and-parmesan-recipe-11874377,Roasted Oysters With Bacon and Parmesan,1 teaspoon (5 ml) Dijon or whole-grain mustard,(5 ml) dijon or whole-grain mustard,1.0,tsp
https://www.seriouseats.com/roasted-oysters-with-bacon-and-parmesan-recipe-11874377,Roasted Oysters With Bacon and Parmesan,"1 teaspoon (5 ml) lemon juice, plus lemon wedges for serving","(5 ml) lemon juice, plus lemon wedges for serving",1.0,tsp
https://www.seriouseats.com/roasted-oysters-with-bacon-and-parmesan-recipe-11874377,Roasted Oysters With Bacon and Parmesan,1/3 cup finely grated Parmigiano-Reggiano cheese (preferably microplaned),finely grated parmigiano-reggiano cheese (preferably microplaned),0.3333333333333333,cup
https://www.seriouseats.com/roasted-oysters-with-bacon-and-parmesan-recipe-11874377,Roasted Oysters With Bacon and Parmesan,1/2 cup (TK g) panko bread crumbs,(tk g) panko bread crumbs,0.5,cup
https://www.seriouseats.com/roasted-oysters-with-bacon-and-parmesan-recipe-11874377,Roasted Oysters With Bacon and Parmesan,"1/2 cup (15 g) minced flat-leaf parsley, plus more for garnish","(15 g) minced flat-leaf parsley, plus more for garnish",0.5,cup
https://www.seriouseats.com/roasted-oysters-with-bacon-and-parmesan-recipe-11874377,Roasted Oysters With Bacon and Parmesan,Kosher salt,kosher salt,0.0,
https://www.seriouseats.com/roasted-oysters-with-bacon-and-parmesan-recipe-11874377,Roasted Oysters With Bacon and Parmesan,Freshly ground black pepper,freshly ground black pepper,0.0,
https://www.seriouseats.com/roasted-oysters-with-bacon-and-parmesan-recipe-11874377,Roasted Oysters With Bacon and Parmesan,"24 fresh raw oysters, about 3 inches long, well scrubbed","fresh raw oysters, about 3 inches long, well scrubbed",24.0,
https://www.seriouseats.com/quick-dill-pickle-chips-recipe,Quick and Easy Dill Pickle Chips for Hamburgers and Sandwiches Recipe,"2 Kirby cucumbers, thinly sliced (about 8 ounces; 225g total)","kirby cucumbers, thinly sliced (about 8 ounces; 225g total)",2.0,
https://www.seriouseats.com/quick-dill-pickle-chips-recipe,Quick and Easy Dill Pickle Chips for Hamburgers and Sandwiches Recipe,1 cup (240ml) water,(240ml) water,1.0,cup
https://www.seriouseats.com/quick-dill-pickle-chips-recipe,Quick and Easy Dill Pickle Chips for Hamburgers and Sandwiches Recipe,1 cup (240ml) distilled white vinegar,(240ml) distilled white vinegar,1.0,cup
https://www.seriouseats.com/quick-dill-pickle-chips-recipe,Quick and Easy Dill Pickle Chips for Hamburgers and Sandwiches Recipe,1 tablespoon (about 15g) kosher salt (see note),(about 15g) kosher salt (see note),1.0,tbsp
https://www.seriouseats.com/quick-dill-pickle-chips-recipe,Quick and Easy Dill Pickle Chips for Hamburgers and Sandwiches Recipe,Pinch red pepper flakes (optional),pinch red pepper flakes (optional),0.0,
https://www.seriouseats.com/quick-dill-pickle-chips-recipe,Quick and Easy Dill Pickle Chips for Hamburgers and Sandwiches Recipe,"2 medium cloves garlic, roughly sliced","medium cloves garlic, roughly sliced",2.0,
https://www.seriouseats.com/quick-dill-pickle-chips-recipe,Quick and Easy Dill Pickle Chips for Hamburgers and Sandwiches Recipe,2 teaspoons (6g) black peppercorns,(6g) black peppercorns,2.0,tsp
https://www.seriouseats.com/quick-dill-pickle-chips-recipe,Quick and Easy Dill Pickle Chips for Hamburgers and Sandwiches Recipe,2 teaspoons (6g) whole yellow mustard seed,(6g) whole yellow mustard seed,2.0,tsp
https://www.seriouseats.com/quick-dill-pickle-chips-recipe,Quick and Easy Dill Pickle Chips for Hamburgers and Sandwiches Recipe,2 sprigs fresh dill,sprigs fresh dill,2.0,
https://www.seriouseats.com/bread-baking-the-simplest-white-bread-recipe-ever,The Simplest White Bread Ever Recipe | Bread Baking,1 tablespoon white sugar,white sugar,1.0,tbsp
https://www.seriouseats.com/bread-baking-the-simplest-white-bread-recipe-ever,The Simplest White Bread Ever Recipe | Bread Baking,2 1/2 teaspoons (1 package) yeast,(1 package) yeast,2.5,tsp
https://www.seriouseats.com/bread-baking-the-simplest-white-bread-recipe-ever,The Simplest White Bread Ever Recipe | Bread Baking,1 cup lukewarm water,lukewarm water,1.0,cup
https://www.seriouseats.com/bread-baking-the-simplest-white-bread-recipe-ever,The Simplest White Bread Ever Recipe | Bread Baking,2 1/2 cups (11 1/4 oz) all purpose flour,(11 1/4 oz) all purpose flour,2.5,cup
https://www.seriouseats.com/bread-baking-the-simplest-white-bread-recipe-ever,The Simplest White Bread Ever Recipe | Bread Baking,1 teaspoon salt,salt,1.0,tsp
https://www.seriouseats.com/bread-baking-the-simplest-white-bread-recipe-ever,The Simplest White Bread Ever Recipe | Bread Baking,2 tablespoons olive oil,olive oil,2.0,tbsp
https://www.seriouseats.com/basic-japanese-dashi-recipe,Basic Japanese Dashi,2 quarts (2L) water,quarts (2l) water,2.0,
https://www.seriouseats.com/basic-japanese-dashi-recipe,Basic Japanese Dashi,1 ounce (30g) dried kombu (see note),(30g) dried kombu (see note),1.0,ounce
https://www.seriouseats.com/basic-japanese-dashi-recipe,Basic Japanese Dashi,"1 ounce (30g) packed dried bonito flakes (katsuobushi, see note)","(30g) packed dried bonito flakes (katsuobushi, see note)",1.0,ounce
https://www.seriouseats.com/the-best-simple-roast-turkey-gravy-recipe,The Best Simple Roast Turkey With Gravy,"1 whole turkey, neck and giblets reserved, about 10 to 12 pounds (4.5 to 5kg) (see note)","whole turkey, neck and giblets reserved, about 10 to 12 pounds (4.5 to 5kg) (see note)",1.0,
https://www.seriouseats.com/the-best-simple-roast-turkey-gravy-recipe,The Best Simple Roast Turkey With Gravy,Kosher salt and freshly ground black pepper,kosher salt and freshly ground black pepper,0.0,
https://www.seriouseats.com/the-best-simple-roast-turkey-gravy-recipe,The Best Simple Roast Turkey With Gravy,1 tablespoon (15ml) vegetable oil,(15ml) vegetable oil,1.0,tbsp
https://www.seriouseats.com/the-best-simple-roast-turkey-gravy-recipe,The Best Simple Roast Turkey With Gravy,"1 large onion, roughly chopped","large onion, roughly chopped",1.0,
https://www.seriouseats.com/the-best-simple-roast-turkey-gravy-recipe,The Best Simple Roast Turkey With Gravy,"1 large carrot, peeled and roughly chopped","large carrot, peeled and roughly chopped",1.0,
https://www.seriouseats.com/the-best-simple-roast-turkey-gravy-recipe,The Best Simple Roast Turkey With Gravy,"2 ribs celery, roughly chopped","ribs celery, roughly chopped",2.0,
https://www.seriouseats.com/the-best-simple-roast-turkey-gravy-recipe,The Best Simple Roast Turkey With Gravy,1 1/2 quarts (about 1.5L) homemade or store-bought low-sodium chicken stock,quarts (about 1.5l) homemade or store-bought low-sodium chicken stock,1.5,
https://www.seriouseats.com/the-best-simple-roast-turkey-gravy-recipe,The Best Simple Roast Turkey With Gravy,2 bay leaves,bay leaves,2.0,
https://www.seriouseats.com/the-best-simple-roast-turkey-gravy-recipe,The Best Simple Roast Turkey With Gravy,1 teaspoon (5ml) soy sauce,(5ml) soy sauce,1.0,tsp
https://www.seriouseats.com/the-best-simple-roast-turkey-gravy-recipe,The Best Simple Roast Turkey With Gravy,3 tablespoons (45g) butter,(45g) butter,3.0,tbsp
https://www.seriouseats.com/the-best-simple-roast-turkey-gravy-recipe,The Best Simple Roast Turkey With Gravy,1/4 cup (1 1/2 ounces) flour,(1 1/2 ounces) flour,0.25,cup
https://www.seriouseats.com/traditional-beef-pho-recipe,The Food Lab's Beef Pho,"2 large onions, split in half","large onions, split in half",2.0,
https://www.seriouseats.com/traditional-beef-pho-recipe,The Food Lab's Beef Pho,"1 large hand ginger (about 6 inches long), split in half lengthwise","large hand ginger (about 6 inches long), split in half lengthwise",1.0,
https://www.seriouseats.com/traditional-beef-pho-recipe,The Food Lab's Beef Pho,"3 pounds beef shin, with meat attached","beef shin, with meat attached",3.0,pounds
https://www.seriouseats.com/traditional-beef-pho-recipe,The Food Lab's Beef Pho,"2 pounds oxtail, cut into 1/2 to 1-inch thick slices","oxtail, cut into 1/2 to 1-inch thick slices",2.0,pounds
https://www.seriouseats.com/traditional-beef-pho-recipe,The Food Lab's Beef Pho,1 pound boneless beef chuck,boneless beef chuck,1.0,pound
https://www.seriouseats.com/traditional-beef-pho-recipe,The Food Lab's Beef Pho,1 pound beef brisket,beef brisket,1.0,pound
https://www.seriouseats.com/traditional-beef-pho-recipe,The Food Lab's Beef Pho,3 whole star anise pods,whole star anise pods,3.0,
https://www.seriouseats.com/traditional-beef-pho-recipe,The Food Lab's Beef Pho,1 cinnamon stick,cinnamon stick,1.0,
https://www.seriouseats.com/traditional-beef-pho-recipe,The Food Lab's Beef Pho,1 teaspoon fennel seeds,fennel seeds,1.0,tsp
https://www.seriouseats.com/traditional-beef-pho-recipe,The Food Lab's Beef Pho,4 cloves,4 cloves,4.0,piece
https://www.seriouseats.com/traditional-beef-pho-recipe,The Food Lab's Beef Pho,1 teaspoon coriander seeds,coriander seeds,1.0,tsp
https://www.seriouseats.com/traditional-beef-pho-recipe,The Food Lab's Beef Pho,"1/4 cup fish sauce, plus more to taste","fish sauce, plus more to taste",0.25,cup
https://www.seriouseats.com/traditional-beef-pho-recipe,The Food Lab's Beef Pho,2 tablespoons sugar (preferably yellow rock sugar),sugar (preferably yellow rock sugar),2.0,tbsp
https://www.seriouseats.com/traditional-beef-pho-recipe,The Food Lab's Beef Pho,Kosher salt,kosher salt,0.0,
https://www.seriouseats.com/traditional-beef-pho-recipe,The Food Lab's Beef Pho,6 to 8 servings pho noodles,to 8 servings pho noodles,6.0,
https://www.seriouseats.com/traditional-beef-pho-recipe,The Food Lab's Beef Pho,"1 pound beef flank steak, sliced thinly against the grain","beef flank steak, sliced thinly against the grain",1.0,pound
https://www.seriouseats.com/traditional-beef-pho-recipe,The Food Lab's Beef Pho,"2 to 3 cups mixed herbs (cilantro, basil, and mint)","to 3 cups mixed herbs (cilantro, basil, and mint)",2.0,
https://www.seriouseats.com/traditional-beef-pho-recipe,The Food Lab's Beef Pho,2 to 3 cups trimmed bean sprouts,to 3 cups trimmed bean sprouts,2.0,
https://www.seriouseats.com/traditional-beef-pho-recipe,The Food Lab's Beef Pho,1/2 cup sliced scallions,sliced scallions,0.5,cup
https://www.seriouseats.com/traditional-beef-pho-recipe,The Food Lab's Beef Pho,Thinly sliced Thai chiles,thinly sliced thai chiles,0.0,
https://www.seriouseats.com/traditional-beef-pho-recipe,The Food Lab's Beef Pho,"2 limes, each cut into 4 wedges","limes, each cut into 4 wedges",2.0,
https://www.seriouseats.com/traditional-beef-pho-recipe,The Food Lab's Beef Pho,Hoisin sauce and Sriracha,hoisin sauce and sriracha,0.0,
https://www.seriouseats.com/the-best-chinese-orange-chicken-recipe,Chinese-American Orange Chicken Recipe,1 egg white,egg white,1.0,
https://www.seriouseats.com/the-best-chinese-orange-chicken-recipe,Chinese-American Orange Chicken Recipe,2 tablespoons dark soy sauce,dark soy sauce,2.0,tbsp
https://www.seriouseats.com/the-best-chinese-orange-chicken-recipe,Chinese-American Orange Chicken Recipe,2 tablespoons Shaoxing wine (see note),shaoxing wine (see note),2.0,tbsp
https://www.seriouseats.com/the-best-chinese-orange-chicken-recipe,Chinese-American Orange Chicken Recipe,2 tablespoons 80-proof vodka,80-proof vodka,2.0,tbsp
https://www.seriouseats.com/the-best-chinese-orange-chicken-recipe,Chinese-American Orange Chicken Recipe,1/4 teaspoon baking soda,baking soda,0.25,tsp
https://www.seriouseats.com/the-best-chinese-orange-chicken-recipe,Chinese-American Orange Chicken Recipe,3 tablespoons corn starch,corn starch,3.0,tbsp
https://www.seriouseats.com/the-best-chinese-orange-chicken-recipe,Chinese-American Orange Chicken Recipe,"1 pound boneless, skinless chicken thighs, cut into 1/2- to 3/4-inch chunks (see note)","boneless, skinless chicken thighs, cut into 1/2- to 3/4-inch chunks (see note)",1.0,pound
https://www.seriouseats.com/the-best-chinese-orange-chicken-recipe,Chinese-American Orange Chicken Recipe,1/2 cup flour,flour,0.5,cup
https://www.seriouseats.com/the-best-chinese-orange-chicken-recipe,Chinese-American Orange Chicken Recipe,1/2 cup cornstarch,cornstarch,0.5,cup
https://www.seriouseats.com/the-best-chinese-orange-chicken-recipe,Chinese-American Orange Chicken Recipe,1/2 teaspoon baking powder,baking powder,0.5,tsp
https://www.seriouseats.com/the-best-chinese-orange-chicken-recipe,Chinese-American Orange Chicken Recipe,1/2 teaspoon kosher salt,kosher salt,0.5,tsp
https://www.seriouseats.com/the-best-chinese-orange-chicken-recipe,Chinese-American Orange Chicken Recipe,1 tablespoon dark soy sauce,dark soy sauce,1.0,tbsp
https://www.seriouseats.com/the-best-chinese-orange-chicken-recipe,Chinese-American Orange Chicken Recipe,2 tablespoons Shaoxing wine (see note),shaoxing wine (see note),2.0,tbsp
https://www.seriouseats.com/the-best-chinese-orange-chicken-recipe,Chinese-American Orange Chicken Recipe,2 tablespoons Chinese rice vinegar or distilled white vinegar,chinese rice vinegar or distilled white vinegar,2.0,tbsp
https://www.seriouseats.com/the-best-chinese-orange-chicken-recipe,Chinese-American Orange Chicken Recipe,3 tablespoons homemade or store-bought low-sodium chicken stock,homemade or store-bought low-sodium chicken stock,3.0,tbsp
https://www.seriouseats.com/the-best-chinese-orange-chicken-recipe,Chinese-American Orange Chicken Recipe,4 tablespoons sugar,sugar,4.0,tbsp
https://www.seriouseats.com/the-best-chinese-orange-chicken-recipe,Chinese-American Orange Chicken Recipe,1 teaspoon roasted sesame seed oil,roasted sesame seed oil,1.0,tsp
https://www.seriouseats.com/the-best-chinese-orange-chicken-recipe,Chinese-American Orange Chicken Recipe,2 teaspoons grated zest and 1/4 cup juice from 1 orange,grated zest and 1/4 cup juice from 1 orange,2.0,tsp
https://www.seriouseats.com/the-best-chinese-orange-chicken-recipe,Chinese-American Orange Chicken Recipe,1 tablespoon corn starch,corn starch,1.0,tbsp
https://www.seriouseats.com/the-best-chinese-orange-chicken-recipe,Chinese-American Orange Chicken Recipe,4 (2-inch) strips dried orange peel (see note),(2-inch) strips dried orange peel (see note),4.0,
https://www.seriouseats.com/the-best-chinese-orange-chicken-recipe,Chinese-American Orange Chicken Recipe,"2 teaspoons peanut, vegetable, or canola oil","peanut, vegetable, or canola oil",2.0,tsp
https://www.seriouseats.com/the-best-chinese-orange-chicken-recipe,Chinese-American Orange Chicken Recipe,2 teaspoons minced garlic (about 2 medium cloves),minced garlic (about 2 medium cloves),2.0,tsp
https://www.seriouseats.com/the-best-chinese-orange-chicken-recipe,Chinese-American Orange Chicken Recipe,2 teaspoons minced fresh ginger (about one 1-inch piece),minced fresh ginger (about one 1-inch piece),2.0,tsp
https://www.seriouseats.com/the-best-chinese-orange-chicken-recipe,Chinese-American Orange Chicken Recipe,2 teaspoons thinly sliced scallion bottoms (about 1 scallion),thinly sliced scallion bottoms (about 1 scallion),2.0,tsp
https://www.seriouseats.com/the-best-chinese-orange-chicken-recipe,Chinese-American Orange Chicken Recipe,"2 quarts of peanut, canola, or vegetable oil for deep frying","quarts of peanut, canola, or vegetable oil for deep frying",2.0,
https://www.seriouseats.com/the-best-chinese-orange-chicken-recipe,Chinese-American Orange Chicken Recipe,Steamed white rice and steamed broccoli for serving,steamed white rice and steamed broccoli for serving,0.0,
https://www.seriouseats.com/cheese-stuffed-colombian-style-arepas-recipe,Cheese-Stuffed Colombian-Style Arepas Recipe,2 cups masarepa (see note),masarepa (see note),2.0,cup
https://www.seriouseats.com/cheese-stuffed-colombian-style-arepas-recipe,Cheese-Stuffed Colombian-Style Arepas Recipe,"2 ounces (about 1/2 cup) finely crumbled queso fresco (optional, see note #2 above)","(about 1/2 cup) finely crumbled queso fresco (optional, see note #2 above)",2.0,ounces
https://www.seriouseats.com/cheese-stuffed-colombian-style-arepas-recipe,Cheese-Stuffed Colombian-Style Arepas Recipe,"2 cups water, plus more as necessary","water, plus more as necessary",2.0,cup
https://www.seriouseats.com/cheese-stuffed-colombian-style-arepas-recipe,Cheese-Stuffed Colombian-Style Arepas Recipe,2 teaspoons vegetable oil,vegetable oil,2.0,tsp
https://www.seriouseats.com/cheese-stuffed-colombian-style-arepas-recipe,Cheese-Stuffed Colombian-Style Arepas Recipe,Kosher salt,kosher salt,0.0,
https://www.seriouseats.com/cheese-stuffed-colombian-style-arepas-recipe,Cheese-Stuffed Colombian-Style Arepas Recipe,"1/2 pound mozzarella or other good melting cheese, sliced or grated","mozzarella or other good melting cheese, sliced or grated",0.5,pound
https://www.seriouseats.com/cheese-stuffed-colombian-style-arepas-recipe,Cheese-Stuffed Colombian-Style Arepas Recipe,2 teaspoons butter,butter,2.0,tsp
https://www.seriouseats.com/chaat-masala-spice-blend-recipe,Chaat Masala (Indian Street Snack Spice Blend),2 1/2 tablespoons (12g) cumin seeds,(12g) cumin seeds,2.5,tbsp
https://www.seriouseats.com/chaat-masala-spice-blend-recipe,Chaat Masala (Indian Street Snack Spice Blend),1 tablespoon (5g) coriander seeds,(5g) coriander seeds,1.0,tbsp
https://www.seriouseats.com/chaat-masala-spice-blend-recipe,Chaat Masala (Indian Street Snack Spice Blend),1 1/2 teaspoons (4g) fennel seeds,(4g) fennel seeds,1.5,tsp
https://www.seriouseats.com/chaat-masala-spice-blend-recipe,Chaat Masala (Indian Street Snack Spice Blend),1 1/2 teaspoons (3g) ajwain seeds,(3g) ajwain seeds,1.5,tsp
https://www.seriouseats.com/chaat-masala-spice-blend-recipe,Chaat Masala (Indian Street Snack Spice Blend),1 tablespoon (3g) dried mint,(3g) dried mint,1.0,tbsp
https://www.seriouseats.com/chaat-masala-spice-blend-recipe,Chaat Masala (Indian Street Snack Spice Blend),1 tablespoon (13g) kala namak powder,(13g) kala namak powder,1.0,tbsp
https://www.seriouseats.com/chaat-masala-spice-blend-recipe,Chaat Masala (Indian Street Snack Spice Blend),"1 teaspoon (5g) Diamond Crystal kosher salt; for table salt, use about half as much by volume or the same weight","(5g) diamond crystal kosher salt; for table salt, use about half as much by volume or the same weight",1.0,tsp
https://www.seriouseats.com/chaat-masala-spice-blend-recipe,Chaat Masala (Indian Street Snack Spice Blend),3 tablespoons (18g) green mango powder,(18g) green mango powder,3.0,tbsp
https://www.seriouseats.com/chaat-masala-spice-blend-recipe,Chaat Masala (Indian Street Snack Spice Blend),4 1/2 teaspoons (16g) tamarind powder,(16g) tamarind powder,4.5,tsp
https://www.seriouseats.com/chaat-masala-spice-blend-recipe,Chaat Masala (Indian Street Snack Spice Blend),1 teaspoon (2g) whole black peppercorns,(2g) whole black peppercorns,1.0,tsp
https://www.seriouseats.com/chaat-masala-spice-blend-recipe,Chaat Masala (Indian Street Snack Spice Blend),5 teaspoons (12g) Kashmiri red chili powder (see note),(12g) kashmiri red chili powder (see note),5.0,tsp
https://www.seriouseats.com/chaat-masala-spice-blend-recipe,Chaat Masala (Indian Street Snack Spice Blend),1 teaspoon (2g) ginger powder,(2g) ginger powder,1.0,tsp
https://www.seriouseats.com/kimchi-jam-recipe-11874034,Kimchi Jam,"16 ounces (454 g) Napa cabbage kimchi, homemade or store-bought, coarsely chopped","(454 g) napa cabbage kimchi, homemade or store-bought, coarsely chopped",16.0,ounces
https://www.seriouseats.com/kimchi-jam-recipe-11874034,Kimchi Jam,1/3 cup light brown sugar (7 1/2 ounces; 213 g),light brown sugar (7 1/2 ounces; 213 g),0.3333333333333333,cup
https://www.seriouseats.com/kimchi-jam-recipe-11874034,Kimchi Jam,1 teaspoon red wine vinegar,red wine vinegar,1.0,tsp
https://www.seriouseats.com/kimchi-jam-recipe-11874034,Kimchi Jam,"1/2 teaspoon Diamond Crystal kosher salt; for table salt, use half as much by volume","diamond crystal kosher salt; for table salt, use half as much by volume",0.5,tsp
https://www.seriouseats.com/cocoa-krispies-treats-recipe-11874013,Malted Cocoa Rice Krispies Treats,"99 g Rice Krispies (3 1/2 ounces; 3 1/2 cups), see notes","rice krispies (3 1/2 ounces; 3 1/2 cups), see notes",99.0,g
https://www.seriouseats.com/cocoa-krispies-treats-recipe-11874013,Malted Cocoa Rice Krispies Treats,85 g Cocoa Krispies (3 ounces; 3 cups),cocoa krispies (3 ounces; 3 cups),85.0,g
https://www.seriouseats.com/cocoa-krispies-treats-recipe-11874013,Malted Cocoa Rice Krispies Treats,"Nonstick cooking spray, for greasing","nonstick cooking spray, for greasing",0.0,
https://www.seriouseats.com/cocoa-krispies-treats-recipe-11874013,Malted Cocoa Rice Krispies Treats,56 g unsalted butter (2 ounces; 4 tablespoons),unsalted butter (2 ounces; 4 tablespoons),56.0,g
https://www.seriouseats.com/cocoa-krispies-treats-recipe-11874013,Malted Cocoa Rice Krispies Treats,"1/2 teaspoon Diamond Crystal kosher salt; for table salt, use half as much by volume","diamond crystal kosher salt; for table salt, use half as much by volume",0.5,tsp
https://www.seriouseats.com/cocoa-krispies-treats-recipe-11874013,Malted Cocoa Rice Krispies Treats,"One 16-ounce bag marshmallows, any size","one 16-ounce bag marshmallows, any size",0.0,
https://www.seriouseats.com/cocoa-krispies-treats-recipe-11874013,Malted Cocoa Rice Krispies Treats,1/2 cup malted milk powder (about 2 1/3 ounces; 65 g),malted milk powder (about 2 1/3 ounces; 65 g),0.5,cup
https://www.seriouseats.com/cocoa-krispies-treats-recipe-11874013,Malted Cocoa Rice Krispies Treats,"149 g dark chocolate (5 1/4 ounces), coarsely chopped (1 cup), between 64 and 70% cacao","dark chocolate (5 1/4 ounces), coarsely chopped (1 cup), between 64 and 70% cacao",149.0,g
https://www.seriouseats.com/cocoa-krispies-treats-recipe-11874013,Malted Cocoa Rice Krispies Treats,"Flaky salt, such as Maldon, to garnish, optional","flaky salt, such as maldon, to garnish, optional",0.0,
